EMA_Span,Derivadas,Rolling,Roll_Window,Squared,N_Features,Best_C,RMSE,R2,Jarque_Bera_Stat,Jarque_Bera_p,Lag_Top_Temp,Lag_Top_Pressure,Lag_Reflux_Flow,Lag_Flow_To_Next_Process,Lag_Temp_Sixth_Tray,Lag_Bottom_Temp_1,Lag_Bottom_Temp_2
15,True,True,18.0,True,36,14,0.022273237776163923,0.9886266168283031,3.3459,0.187688,11,1,3,18,10,11,11
27,False,True,12.0,False,22,12,0.022123602476155465,0.9885337928044097,3.4086,0.181902,9,0,0,14,8,9,9
27,False,True,12.0,True,29,12,0.022897683714951583,0.9877173748776803,0.9675,0.616478,9,0,0,14,8,9,9
21,False,True,12.0,True,29,12,0.02296905631763112,0.9876948516126899,5.7032,0.057751,10,0,2,16,9,10,10
21,True,True,16.0,True,36,14,0.02308007011341185,0.9876827670731015,1.5802,0.453794,10,0,2,16,9,10,10
18,True,True,18.0,True,36,14,0.02367179203471435,0.9871259092816814,0.2991,0.861092,10,0,2,17,9,11,11
27,False,True,10.0,False,22,12,0.02339555947454993,0.9871209660051458,1.8197,0.402585,9,0,0,14,8,9,9
18,False,True,12.0,True,29,12,0.023557460396727212,0.9870846042765063,1.6527,0.437647,10,0,2,17,9,11,11
21,True,True,18.0,True,36,14,0.023818182576161077,0.9869383311164622,1.6097,0.447158,10,0,2,16,9,10,10
27,True,True,12.0,False,29,14,0.023682558934434123,0.9868609082275527,17.824,0.000135,9,0,0,14,8,9,9
21,False,True,8.0,False,22,20,0.023688719368792938,0.9867961803058889,8.7582,0.012536,10,0,2,16,9,10,10
15,False,True,10.0,False,22,18,0.02381252828942026,0.9867745161979627,11.7922,0.00275,11,1,3,18,10,11,11
24,True,True,12.0,False,29,14,0.02379877140178603,0.9867607543255227,8.8638,0.011892,10,0,1,15,8,10,10
24,True,True,14.0,False,29,14,0.02402730334930565,0.9865642832067876,2.7244,0.256103,10,0,1,15,8,10,10
21,True,True,18.0,False,29,12,0.024168120077302405,0.9865517067643867,9.3003,0.00956,10,0,2,16,9,10,10
27,True,True,14.0,False,29,14,0.024198401745326326,0.9863424148973166,8.4904,0.014333,9,0,0,14,8,9,9
24,False,True,14.0,False,22,12,0.024429790795475026,0.986110382891952,12.406,0.002023,10,0,1,15,8,10,10
21,False,True,14.0,False,22,12,0.024472470117251812,0.9860919620439879,8.6652,0.013133,10,0,2,16,9,10,10
27,False,True,10.0,True,29,14,0.02438542870895027,0.9860080833524113,0.6475,0.723427,9,0,0,14,8,9,9
27,True,True,14.0,True,36,14,0.024645258441692852,0.9858333454632552,1.2768,0.528146,9,0,0,14,8,9,9
21,False,True,6.0,False,22,20,0.024540061012703222,0.9857679408729828,31.8318,0.0,10,0,2,16,9,10,10
27,True,True,10.0,False,29,14,0.02460732705330599,0.9857522822867503,45.3176,0.0,9,0,0,14,8,9,9
24,True,True,16.0,False,29,14,0.024800930964007397,0.9857469879248215,6.1558,0.046057,10,0,1,15,8,10,10
21,False,True,10.0,False,22,16,0.02468301844544689,0.9857273496004708,1.3761,0.502551,10,0,2,16,9,10,10
24,True,True,16.0,True,36,14,0.024950361677664155,0.9855747158335273,0.547,0.760718,10,0,1,15,8,10,10
15,False,True,8.0,False,22,16,0.02481742019587322,0.9855714941248077,19.1442,7e-05,11,1,3,18,10,11,11
15,False,True,12.0,False,22,20,0.02503569472531992,0.9854444189093589,5.6117,0.060456,11,1,3,18,10,11,11
18,False,True,10.0,False,22,16,0.02497154191864918,0.985423780972627,6.6416,0.036123,10,0,2,17,9,11,11
21,False,True,10.0,True,29,12,0.0249850718865094,0.9853758949109283,3.7094,0.156502,10,0,2,16,9,10,10
24,True,True,10.0,False,29,14,0.024981699290340633,0.9853476592899764,23.4155,8e-06,10,0,1,15,8,10,10
15,False,True,14.0,False,22,12,0.025276181545185995,0.9852272333186386,3.8503,0.145853,11,1,3,18,10,11,11
27,True,True,16.0,False,29,14,0.02533364734011394,0.9850959020974506,15.263,0.000485,9,0,0,14,8,9,9
24,True,True,18.0,False,29,14,0.02555621427973635,0.9849303172316634,17.4842,0.00016,10,0,1,15,8,10,10
21,False,True,12.0,False,22,16,0.025455733914591664,0.9848862652689241,8.7881,0.012351,10,0,2,16,9,10,10
24,False,True,10.0,False,22,20,0.025375972523997585,0.9848815089621832,19.519,5.8e-05,10,0,1,15,8,10,10
18,False,True,10.0,True,29,12,0.025477205876977247,0.9848274785725936,0.5511,0.759161,10,0,2,17,9,11,11
18,False,True,8.0,False,22,16,0.02548232959804232,0.9847545125959848,38.9007,0.0,10,0,2,17,9,11,11
24,True,True,18.0,True,36,14,0.025762054480126598,0.9846865848337711,2.0571,0.357534,10,0,1,15,8,10,10
24,False,True,12.0,True,29,14,0.0256567180357607,0.984612914424344,5.9056,0.052192,10,0,1,15,8,10,10
18,False,True,12.0,False,22,16,0.025817118268985504,0.9844880532024406,8.5428,0.013962,10,0,2,17,9,11,11
15,False,True,6.0,False,22,16,0.025691191951864156,0.984469518270884,49.3112,0.0,11,1,3,18,10,11,11
24,False,True,8.0,False,22,20,0.025702527266528545,0.9844217230049825,42.6889,0.0,10,0,1,15,8,10,10
27,True,True,18.0,False,29,14,0.02609810338084997,0.9842508615465198,28.2817,1e-06,9,0,0,14,8,9,9
15,False,True,10.0,True,29,12,0.026142995058571414,0.9840591589390275,2.5502,0.279398,11,1,3,18,10,11,11
12,True,True,18.0,False,29,10,0.02646183166709991,0.9839813127006065,1.4267,0.490004,12,2,4,19,11,12,12
18,False,True,14.0,True,29,14,0.026364096054117242,0.9838936750556317,11.1392,0.003812,10,0,2,17,9,11,11
21,False,True,8.0,True,29,14,0.026169089945768595,0.9838863599193066,1.9263,0.381686,10,0,2,16,9,10,10
15,False,True,12.0,True,29,14,0.02644996430418872,0.9837534768390994,17.8173,0.000135,11,1,3,18,10,11,11
12,False,True,8.0,False,22,16,0.02655357080942864,0.9835183749778516,7.6668,0.021636,12,2,4,19,11,12,12
21,False,True,4.0,False,22,20,0.02635469283675509,0.9835138006207402,67.2251,0.0,10,0,2,16,9,10,10
15,True,True,8.0,True,36,12,0.02652858189555573,0.9835132078513665,55.482,0.0,11,1,3,18,10,11,11
27,True,True,18.0,True,36,14,0.026704896739537215,0.9835099978330076,5.5647,0.061893,9,0,0,14,8,9,9
27,False,True,8.0,False,22,20,0.026486040595308943,0.9834212972925674,22.3567,1.4e-05,9,0,0,14,8,9,9
12,False,True,6.0,False,22,16,0.026657071083904957,0.9833164711703613,16.5896,0.00025,12,2,4,19,11,12,12
24,False,True,10.0,True,29,12,0.026731427241041827,0.9832232686411081,9.8093,0.007412,10,0,1,15,8,10,10
12,False,True,10.0,False,22,16,0.02687655719818379,0.9831888257234453,5.431,0.066173,12,2,4,19,11,12,12
15,False,True,8.0,True,29,14,0.026956507347331553,0.982977029919495,0.4298,0.806623,11,1,3,18,10,11,11
24,False,True,12.0,False,22,18,0.02713162157060695,0.9827929798111985,18.0644,0.00012,10,0,1,15,8,10,10
9,False,True,10.0,False,22,14,0.027299840877045616,0.9827300564688387,6.7192,0.034749,13,3,5,21,11,13,13
12,True,True,8.0,True,36,12,0.027193489806635173,0.9827144160032236,15.0687,0.000534,12,2,4,19,11,12,12
9,False,True,12.0,False,22,14,0.027458934821601465,0.9826028366712068,5.4832,0.064467,13,3,5,21,11,13,13
18,False,True,6.0,False,22,16,0.02716950577576989,0.9825927069129365,117.0702,0.0,10,0,2,17,9,11,11
9,False,True,6.0,False,22,18,0.027315418473118015,0.9825590602022792,17.6148,0.00015,13,3,5,21,11,13,13
12,True,True,10.0,True,36,10,0.027487910917859924,0.9824153289964953,20.3033,3.9e-05,12,2,4,19,11,12,12
12,False,True,12.0,False,22,16,0.0275487866204345,0.9824136530587357,4.5794,0.101295,12,2,4,19,11,12,12
9,False,True,12.0,True,29,14,0.027652439480644053,0.9823567751325031,9.5749,0.008334,13,3,5,21,11,13,13
24,False,True,6.0,False,22,20,0.027354466310261994,0.982277713302626,97.169,0.0,10,0,1,15,8,10,10
9,False,True,8.0,False,22,14,0.027673278172330524,0.9821773616241908,3.9723,0.137223,13,3,5,21,11,13,13
15,True,True,4.0,False,29,14,0.02750189045131398,0.9821251848765034,52.2664,0.0,11,1,3,18,10,11,11
18,False,True,14.0,False,22,16,0.02785895322173835,0.9820154210609705,26.0077,2e-06,10,0,2,17,9,11,11
12,True,True,4.0,False,29,14,0.027684052333697837,0.9819271315379221,19.4878,5.9e-05,12,2,4,19,11,12,12
27,False,True,6.0,False,22,20,0.0276094777192878,0.9819065654997835,64.5686,0.0,9,0,0,14,8,9,9
9,False,True,14.0,True,29,14,0.02815768829217845,0.9817841984809367,16.926,0.000211,13,3,5,21,11,13,13
12,False,True,4.0,False,22,16,0.027799152905982966,0.981776537842807,23.5946,8e-06,12,2,4,19,11,12,12
21,True,False,,False,15,12,0.027785582516360267,0.9815976894255787,170.1271,0.0,10,0,2,16,9,10,10
24,True,True,8.0,False,29,14,0.028084392542530274,0.9814006471344737,36.8966,0.0,10,0,1,15,8,10,10
15,True,True,6.0,True,36,12,0.02820543345417065,0.9812810288244003,69.0261,0.0,11,1,3,18,10,11,11
9,False,True,10.0,True,29,14,0.02848067454574094,0.9812037493260187,6.7195,0.034743,13,3,5,21,11,13,13
15,False,True,4.0,False,22,16,0.02828355276700151,0.9810946646367602,29.4618,0.0,11,1,3,18,10,11,11
12,True,True,6.0,True,36,12,0.02846838553604795,0.9809721931905719,23.3031,9e-06,12,2,4,19,11,12,12
27,True,True,16.0,True,36,18,0.028630300408879095,0.9809645975398844,21.8576,1.8e-05,9,0,0,14,8,9,9
9,False,True,14.0,False,22,14,0.02879266350070018,0.980953377467897,4.3442,0.11394,13,3,5,21,11,13,13
27,False,True,8.0,True,29,12,0.028474715618048884,0.9808382462878713,5.9394,0.051318,9,0,0,14,8,9,9
18,False,True,4.0,False,22,20,0.028550314827893913,0.9806943215191488,103.1997,0.0,10,0,2,17,9,11,11
12,False,True,8.0,True,29,14,0.028739500938558777,0.9806930971590364,1.8194,0.402649,12,2,4,19,11,12,12
21,True,True,8.0,True,36,10,0.028733039118793397,0.980574171632032,95.6701,0.0,10,0,2,16,9,10,10
9,False,True,4.0,False,22,18,0.02888518391630184,0.9804109520088875,16.5062,0.00026,13,3,5,21,11,13,13
12,False,True,12.0,True,29,14,0.02909583219844388,0.9803830153179237,8.8906,0.011734,12,2,4,19,11,12,12
12,False,True,10.0,True,29,12,0.029058210252205435,0.9803488259776503,0.9392,0.625262,12,2,4,19,11,12,12
9,False,True,8.0,True,29,14,0.02912249938749156,0.9802617762580634,9.9162,0.007026,13,3,5,21,11,13,13
12,True,True,4.0,True,36,12,0.029045999601841847,0.9801051614669184,16.5742,0.000252,12,2,4,19,11,12,12
15,True,True,4.0,True,36,12,0.02911304353369856,0.9799695049640457,48.1572,0.0,11,1,3,18,10,11,11
21,True,False,,True,22,10,0.02901741098119637,0.9799298478225444,173.2993,0.0,10,0,2,16,9,10,10
9,True,True,6.0,False,29,14,0.029441328953774045,0.9797386216741228,8.0883,0.017524,13,3,5,21,11,13,13
27,False,True,4.0,False,22,20,0.02925703924943006,0.9795969970432983,95.3505,0.0,9,0,0,14,8,9,9
27,False,True,6.0,True,29,14,0.029415386315972663,0.9794622083949763,8.8013,0.012269,9,0,0,14,8,9,9
12,True,True,6.0,False,29,10,0.029711049010125837,0.979274785814121,21.9768,1.7e-05,12,2,4,19,11,12,12
21,False,True,16.0,False,22,8,0.03012640845355229,0.9790138087364331,11.6237,0.002992,10,0,2,16,9,10,10
9,True,True,18.0,False,29,8,0.030394626583388616,0.9789572162193807,4.8849,0.086949,13,3,5,21,11,13,13
15,False,True,6.0,True,29,20,0.03003519860938901,0.9787735466659667,14.1881,0.00083,11,1,3,18,10,11,11
18,False,True,16.0,False,22,16,0.03040534273963033,0.9786690167384796,29.7023,0.0,10,0,2,17,9,11,11
24,False,True,8.0,True,29,12,0.030077025599302955,0.9786677072252847,15.0673,0.000535,10,0,1,15,8,10,10
21,True,True,6.0,True,36,10,0.030060069109571128,0.9786451555437709,99.2135,0.0,10,0,2,16,9,10,10
24,False,True,4.0,False,22,20,0.029995778634902867,0.9785982236282861,105.4078,0.0,10,0,1,15,8,10,10
6,False,True,14.0,False,22,14,0.03060820061319335,0.9785217663534571,7.9141,0.019119,14,4,6,22,12,14,14
24,False,True,16.0,False,22,8,0.030493439879690155,0.9784531631357637,8.9643,0.011309,10,0,1,15,8,10,10
6,False,True,12.0,False,22,14,0.03061904815912714,0.9784143663568536,5.7533,0.056323,14,4,6,22,12,14,14
27,False,True,14.0,False,22,8,0.030457725436278126,0.9783630777364016,6.2059,0.044917,9,0,0,14,8,9,9
21,False,True,18.0,True,29,8,0.03067343155752381,0.978337620495432,6.2544,0.043841,10,0,2,16,9,10,10
21,False,True,16.0,True,29,8,0.030627115774147815,0.9783104217588764,5.3269,0.069709,10,0,2,16,9,10,10
21,False,True,6.0,True,29,20,0.030302936109653584,0.9782986933709039,6.4916,0.038938,10,0,2,16,9,10,10
12,True,False,,True,22,8,0.030347887771759955,0.9781867586513466,42.8383,0.0,12,2,4,19,11,12,12
6,False,True,14.0,True,29,12,0.03088616546845017,0.9781298907905478,1.8142,0.403693,14,4,6,22,12,14,14
12,True,True,16.0,False,29,8,0.03094745557759289,0.9779958707107692,18.21,0.000111,12,2,4,19,11,12,12
9,True,True,16.0,False,29,8,0.031033577315822743,0.9779681584223928,14.4593,0.000725,13,3,5,21,11,13,13
15,True,False,,True,22,8,0.030479383601375365,0.9779495737231048,107.7857,0.0,11,1,3,18,10,11,11
27,False,True,18.0,True,29,8,0.030889774280214524,0.9779368063766821,6.4279,0.040198,9,0,0,14,8,9,9
21,True,True,4.0,True,36,10,0.03059093773670539,0.977787869817512,53.0751,0.0,10,0,2,16,9,10,10
6,False,True,16.0,True,29,12,0.03124644339170277,0.9777130523177747,2.2173,0.330009,14,4,6,22,12,14,14
15,False,True,16.0,False,22,8,0.031157099434015848,0.9776490765712736,3.4547,0.177755,11,1,3,18,10,11,11
27,False,True,16.0,False,22,8,0.031120250683058577,0.9775096389789854,9.2526,0.009791,9,0,0,14,8,9,9
9,True,True,4.0,False,29,10,0.030967570499856076,0.9774847213621566,16.0738,0.000323,13,3,5,21,11,13,13
6,False,True,10.0,False,22,12,0.03125367942734211,0.9774139017419988,0.4166,0.811953,14,4,6,22,12,14,14
9,False,True,6.0,True,29,16,0.031090735598987625,0.977404801482813,11.7429,0.002819,13,3,5,21,11,13,13
18,False,True,18.0,True,29,8,0.03137391027118217,0.9773852603724271,5.1634,0.075644,10,0,2,17,9,11,11
6,True,True,18.0,False,29,8,0.03155200199351421,0.9773731538519748,1.4333,0.488376,14,4,6,22,12,14,14
6,True,True,8.0,False,29,12,0.03136074461376407,0.9771606896936598,4.9016,0.086223,14,4,6,22,12,14,14
12,True,True,14.0,False,29,8,0.031500159306023984,0.9771052150463418,33.5591,0.0,12,2,4,19,11,12,12
9,True,True,8.0,True,36,10,0.03137271897379639,0.9770936919731339,13.3513,0.001261,13,3,5,21,11,13,13
21,True,True,6.0,False,29,10,0.031163595821232976,0.9770484727819443,106.7866,0.0,10,0,2,16,9,10,10
18,False,True,8.0,True,29,12,0.03128750938392651,0.9770170886577508,13.3126,0.001286,10,0,2,17,9,11,11
27,False,True,16.0,True,29,8,0.03146701682779182,0.9770056361957487,5.2428,0.0727,9,0,0,14,8,9,9
15,True,True,16.0,False,29,8,0.031674850651481866,0.9769000743635016,39.6526,0.0,11,1,3,18,10,11,11
12,True,True,18.0,True,36,8,0.03184203663674178,0.9768052981596922,4.8736,0.087442,12,2,4,19,11,12,12
6,False,True,6.0,False,22,18,0.03161345667503055,0.9766898794214276,5.2765,0.071487,14,4,6,22,12,14,14
12,True,True,16.0,True,36,8,0.0319009625175284,0.9766190655004298,11.8924,0.002616,12,2,4,19,11,12,12
15,True,True,16.0,True,36,8,0.0318696811157382,0.9766150273603225,60.3709,0.0,11,1,3,18,10,11,11
15,True,True,18.0,False,29,8,0.03193959531495935,0.9766126086726904,14.3164,0.000778,11,1,3,18,10,11,11
18,False,True,16.0,True,29,8,0.03184472172300354,0.9766016095071229,3.54,0.170331,10,0,2,17,9,11,11
15,False,True,16.0,True,29,8,0.03191181380837586,0.9765531551915518,2.3793,0.304333,11,1,3,18,10,11,11
9,True,True,18.0,True,36,8,0.032108459376788766,0.9765172743631283,2.2526,0.324228,13,3,5,21,11,13,13
21,True,True,4.0,False,29,10,0.031543643670957744,0.9763828033241925,63.896,0.0,10,0,2,16,9,10,10
12,False,True,6.0,True,29,14,0.03171933592558691,0.9763782956942063,13.6959,0.001062,12,2,4,19,11,12,12
9,True,True,6.0,True,36,10,0.031815157772907623,0.9763395865743918,9.8372,0.00731,13,3,5,21,11,13,13
15,True,True,14.0,False,29,8,0.03202197001123765,0.9762898118863662,85.8599,0.0,11,1,3,18,10,11,11
18,True,False,,True,22,10,0.03162684213225173,0.9762074383382158,230.995,0.0,10,0,2,17,9,11,11
9,True,True,14.0,False,29,8,0.032246191967453194,0.9761102743790417,23.8099,7e-06,13,3,5,21,11,13,13
15,False,True,18.0,True,29,8,0.03228924129138066,0.976097757679751,2.6347,0.267843,11,1,3,18,10,11,11
6,False,True,8.0,False,22,14,0.032082939682012784,0.9760966614226834,3.6958,0.157568,14,4,6,22,12,14,14
24,False,True,18.0,True,29,8,0.03224028244077546,0.9760167108268222,5.4542,0.065408,10,0,1,15,8,10,10
18,True,False,,False,15,8,0.03179801746134425,0.9759491943453705,235.0464,0.0,10,0,2,17,9,11,11
9,True,True,4.0,True,36,10,0.03201085083668276,0.9759421124069589,10.2425,0.005969,13,3,5,21,11,13,13
6,False,True,12.0,True,29,12,0.03232886089298188,0.9759363093898029,0.0649,0.968093,14,4,6,22,12,14,14
12,True,True,14.0,True,36,8,0.03242482853984703,0.9757413602661615,18.3384,0.000104,12,2,4,19,11,12,12
6,False,True,4.0,False,22,18,0.03222047531630611,0.9756795291746955,4.5022,0.105284,14,4,6,22,12,14,14
15,True,True,14.0,True,36,8,0.03245776217624202,0.9756400689757433,93.9459,0.0,11,1,3,18,10,11,11
12,False,True,14.0,False,22,8,0.03263579962674423,0.9754246572052904,1.9811,0.371376,12,2,4,19,11,12,12
9,True,True,16.0,True,36,8,0.032827687730417665,0.9753471174896404,5.5354,0.062807,13,3,5,21,11,13,13
12,True,True,12.0,False,29,8,0.032648551298445676,0.9752999110810184,37.7429,0.0,12,2,4,19,11,12,12
6,True,True,16.0,False,29,8,0.03297087834901194,0.975185219089979,3.5745,0.167423,14,4,6,22,12,14,14
24,False,True,18.0,False,22,8,0.032802478363672685,0.9751729920252695,12.0916,0.002368,10,0,1,15,8,10,10
21,False,True,14.0,True,29,8,0.03273230621346611,0.975119250185673,2.2861,0.318838,10,0,2,16,9,10,10
6,True,True,18.0,True,36,8,0.03319637233651524,0.9749532467909934,0.4315,0.805928,14,4,6,22,12,14,14
24,False,True,16.0,True,29,8,0.03290136157267455,0.9749159055102906,4.8966,0.086441,10,0,1,15,8,10,10
27,False,True,14.0,True,29,8,0.03280797292193038,0.9748950508710597,4.6693,0.096843,9,0,0,14,8,9,9
9,True,False,,True,22,8,0.03263681161359759,0.9748821065459323,41.2777,0.0,13,3,5,21,11,13,13
27,True,True,8.0,False,29,10,0.03267683250462098,0.9747654033674691,119.648,0.0,9,0,0,14,8,9,9
18,True,True,6.0,True,36,10,0.03273182595278487,0.9747356440772029,100.2812,0.0,10,0,2,17,9,11,11
6,True,True,8.0,True,36,16,0.03303844970713415,0.9746516570566768,1.1529,0.561884,14,4,6,22,12,14,14
27,True,True,6.0,True,36,10,0.03268877275054077,0.9746369275698304,107.7405,0.0,9,0,0,14,8,9,9
15,True,True,12.0,False,29,8,0.03308908783895694,0.9745738945450534,121.1577,0.0,11,1,3,18,10,11,11
6,False,True,10.0,True,29,12,0.03326815596579028,0.9744084633261156,1.2576,0.533229,14,4,6,22,12,14,14
6,True,True,4.0,False,29,10,0.03308755902809321,0.9743529421867728,3.9042,0.141972,14,4,6,22,12,14,14
12,True,True,12.0,True,36,8,0.03331811343754954,0.9742764151954891,19.16,6.9e-05,12,2,4,19,11,12,12
18,True,True,16.0,True,36,8,0.033433670806869965,0.9742083460989653,117.0328,0.0,10,0,2,17,9,11,11
6,False,True,8.0,True,29,14,0.03337791624165249,0.9741280779240431,21.6417,2e-05,14,4,6,22,12,14,14
18,True,True,16.0,False,29,8,0.03348805629169229,0.974124368933149,56.066,0.0,10,0,2,17,9,11,11
12,False,True,16.0,True,29,8,0.033565154910218546,0.9741159873500874,0.1253,0.939269,12,2,4,19,11,12,12
27,False,True,18.0,False,22,8,0.033506439895849165,0.9740405504992304,9.3275,0.009431,9,0,0,14,8,9,9
27,True,True,4.0,True,36,10,0.033007120756702396,0.9740313945556164,75.3327,0.0,9,0,0,14,8,9,9
6,True,True,6.0,False,29,10,0.03344015820554851,0.9739182218289855,3.9949,0.135684,14,4,6,22,12,14,14
18,True,True,18.0,False,29,8,0.03370684959211975,0.9738969883102617,27.6089,1e-06,10,0,2,17,9,11,11
15,True,True,12.0,True,36,8,0.03355785246455302,0.973848381374602,108.3551,0.0,11,1,3,18,10,11,11
9,True,True,14.0,True,36,8,0.03376739357202526,0.9738031320426096,9.3696,0.009234,13,3,5,21,11,13,13
21,True,True,16.0,False,29,8,0.033661624379196356,0.9737995321909151,51.7789,0.0,10,0,2,16,9,10,10
21,True,True,14.0,True,36,8,0.03359086267972982,0.9737969063792759,213.8092,0.0,10,0,2,16,9,10,10
18,False,True,18.0,False,22,16,0.03384498486957691,0.9736826024968425,62.3498,0.0,10,0,2,17,9,11,11
21,True,True,14.0,False,29,8,0.03373679934646398,0.973568731300187,102.8044,0.0,10,0,2,16,9,10,10
12,False,True,16.0,False,22,8,0.03394393922882213,0.9735284864134042,0.0396,0.980381,12,2,4,19,11,12,12
9,True,True,12.0,False,29,8,0.033879014322058414,0.9735166694467323,26.0054,2e-06,13,3,5,21,11,13,13
15,False,True,14.0,True,29,8,0.03384490696226805,0.9735134400702247,2.678,0.262102,11,1,3,18,10,11,11
21,False,True,18.0,False,22,8,0.03393309637948419,0.9734888594970078,10.7777,0.004567,10,0,2,16,9,10,10
6,True,True,16.0,True,36,8,0.03411445468719313,0.9734339932688651,0.2143,0.898376,14,4,6,22,12,14,14
6,True,True,14.0,False,29,8,0.034166390628612126,0.973237839683428,6.9082,0.031616,14,4,6,22,12,14,14
12,False,True,18.0,True,29,8,0.0342250661833951,0.9732036456585723,0.5493,0.759824,12,2,4,19,11,12,12
12,False,True,4.0,True,29,18,0.03372518578580166,0.9731789073596478,19.4574,6e-05,12,2,4,19,11,12,12
12,True,True,10.0,False,29,8,0.034002202174281834,0.9730930254094416,30.2084,0.0,12,2,4,19,11,12,12
18,True,True,4.0,True,36,10,0.03371888911508463,0.9730716475959544,81.97,0.0,10,0,2,17,9,11,11
18,True,True,14.0,False,29,8,0.034164339179994174,0.9729531472963265,118.8688,0.0,10,0,2,17,9,11,11
3,True,True,18.0,True,36,14,0.03457377267032248,0.9729478717725251,6.046,0.048656,15,6,7,24,14,15,15
27,True,False,,True,22,8,0.03362849610026966,0.9729428093185792,117.2838,0.0,9,0,0,14,8,9,9
27,True,True,6.0,False,29,10,0.03378383339421012,0.9729091592485362,118.6509,0.0,9,0,0,14,8,9,9
18,False,True,6.0,True,29,20,0.03394752947700428,0.9728240889229519,6.5289,0.038217,10,0,2,17,9,11,11
3,True,True,16.0,True,36,14,0.0347386936754536,0.9725718100396805,3.5635,0.168343,15,6,7,24,14,15,15
18,True,True,14.0,True,36,8,0.034487694344753496,0.9724387438208723,183.4378,0.0,10,0,2,17,9,11,11
6,False,True,6.0,True,29,16,0.034376409653485096,0.9724373111697477,6.9034,0.031692,14,4,6,22,12,14,14
27,True,True,4.0,False,29,10,0.034025724942836455,0.9724038740949361,86.4281,0.0,9,0,0,14,8,9,9
27,True,False,,False,15,8,0.03400996051043961,0.9723254819582823,121.4041,0.0,9,0,0,14,8,9,9
3,True,True,18.0,False,29,14,0.03499156709368104,0.9722901178562767,6.39,0.040966,15,6,7,24,14,15,15
6,True,True,4.0,True,36,10,0.03441851622256237,0.9722481218078695,3.582,0.166796,14,4,6,22,12,14,14
6,True,True,6.0,True,36,10,0.03452056483061382,0.9722056618949315,3.5692,0.167864,14,4,6,22,12,14,14
15,True,True,10.0,False,29,8,0.034527203594091505,0.9721949704256331,120.0615,0.0,11,1,3,18,10,11,11
24,False,True,6.0,True,29,20,0.03427454789253864,0.9721768219144562,16.4962,0.000262,10,0,1,15,8,10,10
9,True,True,12.0,True,36,8,0.03475996133294135,0.972121484929068,12.7338,0.001717,13,3,5,21,11,13,13
12,False,True,14.0,True,29,8,0.034783868258521075,0.9720831236216373,1.7359,0.419815,12,2,4,19,11,12,12
24,True,True,6.0,True,36,10,0.034351348628632775,0.9720519925729734,96.9336,0.0,10,0,1,15,8,10,10
15,True,True,10.0,True,36,8,0.034705493181559036,0.9719070730017333,98.5065,0.0,11,1,3,18,10,11,11
3,True,True,16.0,False,29,14,0.035183721505891795,0.9718645587072816,3.696,0.157549,15,6,7,24,14,15,15
21,True,True,12.0,False,29,8,0.034759764133648494,0.9718191432920241,164.6174,0.0,10,0,2,16,9,10,10
21,False,True,4.0,True,29,20,0.034545727371787995,0.9716734741777155,13.5675,0.001132,10,0,2,16,9,10,10
6,True,True,14.0,True,36,8,0.035196101389746555,0.971600409078689,1.8575,0.395038,14,4,6,22,12,14,14
21,True,True,12.0,True,36,8,0.034975549408252656,0.9714681691568282,269.218,0.0,10,0,2,16,9,10,10
3,True,True,14.0,True,36,14,0.03540712988201443,0.9713825548310796,2.1225,0.346022,15,6,7,24,14,15,15
24,False,True,14.0,True,29,8,0.03507122244520162,0.9713745326485058,3.5871,0.166371,10,0,1,15,8,10,10
15,False,True,4.0,True,29,20,0.03489774747344191,0.9712186437976806,15.435,0.000445,11,1,3,18,10,11,11
3,True,True,14.0,False,29,14,0.03553014467238941,0.9711833585432516,2.596,0.27308,15,6,7,24,14,15,15
12,True,True,8.0,False,29,8,0.03525363438908456,0.9709489416433676,18.8769,8e-05,12,2,4,19,11,12,12
9,True,True,10.0,True,36,8,0.03544279121129729,0.9708910514202089,14.52,0.000703,13,3,5,21,11,13,13
15,False,True,18.0,False,22,8,0.03565283072903262,0.9708585606461104,5.9049,0.052213,11,1,3,18,10,11,11
9,True,True,10.0,False,29,8,0.035501965279638864,0.9707937716765487,22.0495,1.6e-05,13,3,5,21,11,13,13
6,True,False,,True,22,8,0.03524061993801428,0.970778433178223,16.269,0.000293,14,4,6,22,12,14,14
24,True,False,,False,15,8,0.034981046954460034,0.9707749880356097,163.5789,0.0,10,0,1,15,8,10,10
24,True,True,4.0,True,36,10,0.035089141043242185,0.9707129912987212,71.7763,0.0,10,0,1,15,8,10,10
9,False,True,16.0,False,22,8,0.035803826788769366,0.970674460289943,0.3073,0.857583,13,3,5,21,11,13,13
6,True,True,12.0,False,29,8,0.03582024994007987,0.9704580843445851,8.9588,0.01134,14,4,6,22,12,14,14
3,True,True,12.0,False,29,14,0.03591106231767106,0.9704348920349124,2.2656,0.322123,15,6,7,24,14,15,15
3,True,True,12.0,True,36,14,0.03602286029956459,0.9702505218583725,1.8522,0.396102,15,6,7,24,14,15,15
18,True,True,12.0,False,29,8,0.035787868052320884,0.9701927141193832,173.8659,0.0,10,0,2,17,9,11,11
24,True,False,,True,22,8,0.03536978695557624,0.9701218310559216,140.8851,0.0,10,0,1,15,8,10,10
15,True,True,8.0,False,29,8,0.03599959537119659,0.9696398906528606,90.5938,0.0,11,1,3,18,10,11,11
18,True,True,12.0,True,36,8,0.0361303406600987,0.9696195018463502,215.1573,0.0,10,0,2,17,9,11,11
6,True,True,12.0,True,36,8,0.036346406765520166,0.9695838392086228,4.861,0.087991,14,4,6,22,12,14,14
9,False,True,16.0,True,29,8,0.036474351668133766,0.9695657726280638,0.0675,0.966808,13,3,5,21,11,13,13
3,True,True,10.0,False,29,14,0.03649692272843893,0.969331401761473,2.6312,0.268314,15,6,7,24,14,15,15
9,False,True,18.0,True,29,8,0.0366973209737317,0.9693254437116294,0.0373,0.981519,13,3,5,21,11,13,13
24,True,True,14.0,True,36,8,0.036426010634638344,0.9691202341850308,235.7152,0.0,10,0,1,15,8,10,10
6,False,True,4.0,True,29,16,0.0363858657472018,0.9689848762640959,7.6612,0.021697,14,4,6,22,12,14,14
9,True,True,8.0,False,29,8,0.036689061242337034,0.968672627052097,16.1587,0.00031,13,3,5,21,11,13,13
21,True,True,10.0,False,29,8,0.03661440440887718,0.9685940423520236,189.8424,0.0,10,0,2,16,9,10,10
3,True,True,10.0,True,36,14,0.03717936662606462,0.9681737548173982,2.56,0.278032,15,6,7,24,14,15,15
21,True,True,10.0,True,36,8,0.03690397045420375,0.9680953282764194,261.5989,0.0,10,0,2,16,9,10,10
6,True,True,10.0,True,36,8,0.03724426542063782,0.9679256596989283,7.2354,0.026844,14,4,6,22,12,14,14
6,False,True,16.0,False,22,8,0.037671293779221314,0.9676055595414425,3.7899,0.150325,14,4,6,22,12,14,14
6,True,True,10.0,False,29,8,0.037553105898013,0.9673915143427286,8.0277,0.018064,14,4,6,22,12,14,14
12,False,True,18.0,False,22,8,0.03776502114900113,0.9673737933011246,0.8658,0.648619,12,2,4,19,11,12,12
3,False,True,6.0,False,22,18,0.03756532020119339,0.9672293961819672,11.7019,0.002877,15,6,7,24,14,15,15
27,False,True,4.0,True,29,20,0.03726218554686425,0.9669044203436865,75.6978,0.0,9,0,0,14,8,9,9
6,False,True,18.0,True,29,8,0.03826621859823051,0.9667186236142619,2.3547,0.308091,14,4,6,22,12,14,14
3,False,True,14.0,True,29,12,0.038186756766558104,0.9667129766150031,2.8471,0.240856,15,6,7,24,14,15,15
3,False,True,16.0,True,29,12,0.038298229087345315,0.9666629191955547,9.3784,0.009194,15,6,7,24,14,15,15
15,True,True,6.0,False,29,8,0.03766355029921247,0.9666221060442203,69.1659,0.0,11,1,3,18,10,11,11
18,True,True,10.0,True,36,8,0.0378689903843868,0.9664786408053413,198.8161,0.0,10,0,2,17,9,11,11
18,True,True,10.0,False,29,8,0.037876514079282504,0.9664653196404454,178.5303,0.0,10,0,2,17,9,11,11
3,False,True,12.0,False,22,12,0.038309896182202166,0.9663531110901722,3.8538,0.145601,15,6,7,24,14,15,15
9,False,True,4.0,True,29,18,0.03791916930974239,0.966241690892045,23.6301,7e-06,13,3,5,21,11,13,13
9,False,True,18.0,False,22,8,0.03851026157913631,0.9662197775248211,2.9738,0.22607,13,3,5,21,11,13,13
3,False,True,14.0,False,22,12,0.03849909033697195,0.9661662335332328,4.9431,0.084455,15,6,7,24,14,15,15
9,True,False,,False,15,6,0.037881760962740894,0.966160176964805,48.1081,0.0,13,3,5,21,11,13,13
3,True,True,8.0,False,29,16,0.03829021828541011,0.966098837478359,8.8713,0.011848,15,6,7,24,14,15,15
3,False,True,4.0,False,22,18,0.03812986317871474,0.9660897459218337,12.2304,0.002209,15,6,7,24,14,15,15
3,False,True,10.0,False,22,12,0.03858982525294813,0.9657131921134692,3.7373,0.154333,15,6,7,24,14,15,15
3,True,True,6.0,False,29,20,0.038549892613244034,0.9654890750965867,8.7769,0.01242,15,6,7,24,14,15,15
3,True,True,8.0,True,36,16,0.0386729463868972,0.9654177354477371,17.6762,0.000145,15,6,7,24,14,15,15
24,True,True,12.0,True,36,8,0.03849682790473337,0.9653579122379384,251.9578,0.0,10,0,1,15,8,10,10
12,True,False,,False,15,6,0.03824692199880531,0.9653537490983201,44.7456,0.0,12,2,4,19,11,12,12
6,False,True,18.0,False,22,8,0.039160725082033866,0.9651444747811073,3.2834,0.193648,14,4,6,22,12,14,14
27,True,True,12.0,True,36,8,0.03863197600179502,0.9650375435978211,269.7764,0.0,9,0,0,14,8,9,9
3,False,True,18.0,True,29,12,0.039341524796972206,0.9649724090274125,17.2583,0.000179,15,6,7,24,14,15,15
6,True,False,,False,15,6,0.03869655206114416,0.9647660803540081,10.4678,0.005333,14,4,6,22,12,14,14
3,True,True,4.0,False,29,10,0.038880223206095056,0.964741969510414,19.1142,7.1e-05,15,6,7,24,14,15,15
21,True,True,8.0,False,29,8,0.0387480040814912,0.9646723220491351,177.5533,0.0,10,0,2,16,9,10,10
3,False,True,8.0,False,22,12,0.03909369045179256,0.96466116352056,6.2522,0.043888,15,6,7,24,14,15,15
3,False,True,12.0,True,29,12,0.039262539425298164,0.9646589266718574,3.0481,0.217828,15,6,7,24,14,15,15
15,True,False,,False,15,6,0.03868126502004132,0.9644854785246615,103.8772,0.0,11,1,3,18,10,11,11
18,True,True,8.0,True,36,8,0.03932345572892234,0.9636950026898845,163.5178,0.0,10,0,2,17,9,11,11
3,False,True,10.0,True,29,12,0.039990670362363985,0.9631787270325767,4.2731,0.11806,15,6,7,24,14,15,15
3,False,True,8.0,True,29,12,0.040079109475884514,0.9628571663462177,6.0921,0.047546,15,6,7,24,14,15,15
18,True,True,8.0,False,29,8,0.03979914077343142,0.9628113469879088,153.8652,0.0,10,0,2,17,9,11,11
3,False,True,6.0,True,29,14,0.040026198823299636,0.9627952020669591,25.2607,3e-06,15,6,7,24,14,15,15
3,False,True,16.0,False,22,8,0.04050080924655389,0.9627181388779076,10.5719,0.005062,15,6,7,24,14,15,15
24,False,True,4.0,True,29,18,0.03964385064146941,0.9626163928247912,15.8262,0.000366,10,0,1,15,8,10,10
3,True,True,4.0,True,36,10,0.04012195368628595,0.9624539119273008,20.3687,3.8e-05,15,6,7,24,14,15,15
3,False,True,18.0,False,22,8,0.04095341831957846,0.9620433209033971,11.7433,0.002818,15,6,7,24,14,15,15
18,False,True,4.0,True,29,18,0.04044048566110953,0.9612656751145441,1.9158,0.383694,10,0,2,17,9,11,11
3,True,False,,True,22,8,0.041021096106453096,0.9605794559141018,35.0839,0.0,15,6,7,24,14,15,15
27,True,True,10.0,True,36,8,0.04104081819022553,0.9603677763860838,267.0485,0.0,9,0,0,14,8,9,9
24,True,True,10.0,True,36,8,0.04112790393202316,0.9602866787553012,228.9782,0.0,10,0,1,15,8,10,10
3,False,True,4.0,True,29,16,0.04208850916390082,0.9586831089098422,14.1147,0.000861,15,6,7,24,14,15,15
3,True,True,6.0,True,36,8,0.042216680556486655,0.9586116209294991,24.4412,5e-06,15,6,7,24,14,15,15
18,True,True,6.0,False,29,8,0.042278496894190186,0.9578491009824518,162.3319,0.0,10,0,2,17,9,11,11
3,True,False,,False,15,6,0.043539742251896406,0.9555900995017961,11.7284,0.002839,15,6,7,24,14,15,15
27,True,True,8.0,True,36,8,0.043519331780592474,0.9552409459209579,254.1315,0.0,9,0,0,14,8,9,9
24,True,True,8.0,True,36,8,0.043604348757398416,0.9551639470117359,206.3269,0.0,10,0,1,15,8,10,10
18,True,True,4.0,False,29,8,0.04377139723291346,0.9546221321646271,126.8315,0.0,10,0,2,17,9,11,11
24,True,True,6.0,False,29,8,0.0461680091461517,0.9495169529018188,149.7709,0.0,10,0,1,15,8,10,10
24,True,True,4.0,False,29,8,0.04753360404015182,0.9462558708350282,115.8492,0.0,10,0,1,15,8,10,10
6,False,False,,False,8,5,0.0517768525766925,0.9367822465443052,39.8193,0.0,14,4,6,22,12,14,14
9,False,False,,False,8,5,0.05287196847735592,0.9339356109759726,31.8389,0.0,13,3,5,21,11,13,13
3,False,False,,False,8,5,0.0533839978338148,0.9330908913326053,118.914,0.0,15,6,7,24,14,15,15
18,False,False,,False,8,5,0.054172457648097395,0.9300495647247484,52.7047,0.0,10,0,2,17,9,11,11
15,False,False,,False,8,5,0.05484617886104011,0.9284479150376279,83.0517,0.0,11,1,3,18,10,11,11
6,False,False,,True,15,6,0.05527897150748578,0.9279410925730102,39.7723,0.0,14,4,6,22,12,14,14
3,False,False,,True,15,6,0.055400453216219295,0.9279407577063319,136.0993,0.0,15,6,7,24,14,15,15
12,False,False,,False,8,5,0.055578582038898004,0.9266804897961387,94.7299,0.0,12,2,4,19,11,12,12
9,False,False,,True,15,6,0.057138901839942635,0.9228421279298971,32.4053,0.0,13,3,5,21,11,13,13
21,False,False,,False,8,6,0.05891581836099905,0.917100307445879,86.5025,0.0,10,0,2,16,9,10,10
27,False,False,,False,8,6,0.05956840721843241,0.9149671865265192,116.0386,0.0,9,0,0,14,8,9,9
18,False,False,,True,15,6,0.059854647546390555,0.9146056574096888,46.224,0.0,10,0,2,17,9,11,11
12,False,False,,True,15,6,0.06008275793231784,0.9143150891787541,73.4037,0.0,12,2,4,19,11,12,12
15,False,False,,True,15,6,0.060117302809958126,0.9140336441812987,63.0963,0.0,11,1,3,18,10,11,11
21,False,False,,True,15,6,0.06234130475076133,0.9071801492639037,74.9566,0.0,10,0,2,16,9,10,10
24,False,False,,False,8,6,0.06285878715851706,0.9054634377853479,40.7131,0.0,10,0,1,15,8,10,10
27,False,False,,True,15,6,0.06298686509177141,0.9049275773971619,96.6048,0.0,9,0,0,14,8,9,9
24,False,False,,True,15,6,0.06386182040362975,0.9024223399983067,50.3522,0.0,10,0,1,15,8,10,10
